subject,session_index,rep,H.dot,UD.dot.e,DD.dot.e,H.e,UD.e.g,DD.e.g,H.g,UD.g.o,DD.g.o,H.o,UD.o.one,DD.o.one,H.one,UD.one.B,DD.one.B,H.B,UD.B.u,DD.B.u,H.u,UD.u.s,DD.u.s,H.s,UD.s.l,DD.s.l,H.l,UD.l.i,DD.l.i,H.i,UD.i.x,DD.i.x,H.x
wjola,1,1,0.14771,0.05113,0.19985,0.09952,0.07559,0.17611,0.17221,0.09762,0.01412,0.05221,0.14762,0.21395,0.13879,0.46905,0.60783,0.06643,0.08441,0.15287,0.08905,0.03634,0.12638,0.09904,0.048,0.14802,0.09142,0.08799,0.18041,0.0687,0.05047,0.11917,0.08237
wjola,1,3,0.10685,0.02691,0.13476,0.07511,0.08693,0.16304,0.18045,0.09352,0.02265,0.08339,0.62487,0.73292,0.06518,0.1532,0.21939,0.23665,0.08344,0.02621,0.05994,0.04468,0.13255,0.09404,0.0724,0.16744,0.07184,0.09968,0.17152,0.07903,0.04428,0.12431,0.07906
wjola,1,4,0.0829,0.1193,0.2032,0.09566,0.13159,0.22825,0.0719,0.06077,0.13266,0.09172,0.14071,0.23243,0.09506,0.10836,0.20342,0.20811,0.09974,0.04344,0.05145,0.03612,0.13187,0.10292,0.07307,0.177,0.06301,0.07588,0.13889,0.06807,0.02777,0.09585,0.08369
wjola,1,5,0.05732,0.4655,0.52481,0.07356,0.09967,0.17424,0.19156,0.09189,0.02262,0.05262,0.16071,0.23686,0.09961,0.39654,0.49711,0.08824,0.0527,0.14293,0.10623,0.04745,0.15468,0.09354,0.12312,0.21666,0.08703,0.08829,0.17532,0.06974,0.03182,0.10357,0.08442
wjola,1,7,0.13641,0.02302,0.15943,0.11231,0.12866,0.24096,0.11467,0.01947,0.13515,0.096,0.17312,0.26913,0.09906,0.3714,0.47047,0.12327,0.01596,0.14023,0.1049,0.06331,0.16821,0.10434,0.07131,0.1766,0.08699,0.07769,0.16468,0.17622,0.09854,0.01218,0.07972
wjola,2,8,0.06048,0.06472,0.1252,0.06232,0.09191,0.15521,0.17205,0.08014,0.01185,0.04052,0.18724,0.23961,0.10338,0.18847,0.29185,0.24935,0.06088,0.0272,0.09581,0.03954,0.16354,0.10311,0.05964,0.16375,0.04705,0.08766,0.13689,0.05955,0.30415,0.3647,0.07348
wjola,2,9,0.07782,0.02389,0.10271,0.06746,0.09535,0.16358,0.1919,0.09655,0.03874,0.01938,0.18439,0.2445,0.07564,0.08863,0.16427,0.13828,0.51286,0.65207,0.07009,0.03231,0.10337,0.0887,0.07907,0.16777,0.09918,0.08082,0.18056,0.16807,0.08724,0.05475,0.05639
wjola,3,10,0.08348,0.0515,0.13603,0.09105,0.12325,0.2153,0.11564,0.26359,0.38023,0.06035,0.1006,0.16096,0.07013,0.60927,0.6804,0.05069,0.22322,0.27587,0.05148,0.05589,0.10737,0.07132,0.09886,0.17118,0.09664,0.15587,0.25347,0.08711,0.04419,0.13129,0.09185
wjola,4,11,0.07556,0.07157,0.14803,0.08697,0.08713,0.17509,0.13972,0.05258,0.03048,0.08043,0.15635,0.26806,0.10436,0.11956,0.22493,0.24336,0.1238,0.03437,0.06309,0.01502,0.11444,0.1159,0.0639,0.18075,0.06406,0.17105,0.23612,0.09985,0.10013,0.19999,0.0995
wjola,4,12,0.17617,0.55644,0.7326,0.10312,0.08694,0.19098,0.13916,0.05223,0.06767,0.03188,0.33605,0.43616,0.0946,0.13248,0.2283,0.29283,0.16036,0.03438,0.07509,0.01213,0.1226,0.11313,0.09597,0.2091,0.07481,0.09243,0.16824,0.15532,0.06289,0.02774,0.06816
wjola,5,13,0.09886,0.2406,0.34048,0.08802,0.11548,0.20351,0.19557,0.07909,0.02717,0.05253,0.20421,0.28391,0.09608,0.16347,0.25955,0.29585,0.13239,0.02013,0.08348,0.02693,0.13105,0.09299,0.06013,0.15312,0.05904,0.10786,0.16783,0.06064,0.01905,0.07969,0.09134
wjola,5,14,0.07956,0.10903,0.18859,0.07819,0.16518,0.24439,0.22432,0.05914,0.03848,0.06374,0.24413,0.348,0.10384,0.1889,0.29374,0.30688,0.11797,0.02418,0.05952,0.07624,0.15994,0.07614,0.12295,0.20008,0.06475,0.11988,0.18463,0.05396,0.10064,0.15597,0.06335
wjola,5,15,0.1069,0.07554,0.18343,0.06629,0.12372,0.19136,0.1878,0.06408,0.02792,0.03591,0.24529,0.30912,0.07814,0.20803,0.28716,0.29281,0.08479,0.01924,0.07575,0.08627,0.18337,0.05171,0.18918,0.24089,0.09729,0.09722,0.19548,0.07098,0.02371,0.09469,0.07193
wjola,5,16,0.09488,0.03921,0.13509,0.06011,0.12319,0.1843,0.17498,0.05179,0.0326,0.03589,0.16022,0.2287,0.1068,0.06799,0.17579,0.16362,0.09563,0.04029,0.06385,0.09665,0.2008,0.08678,0.15239,0.24016,0.07429,0.12404,0.19932,0.03916,0.1084,0.14839,0.07833
wjola,5,17,0.10255,0.0159,0.11939,0.08821,0.12757,0.21652,0.2186,0.09103,0.01197,0.09708,0.23407,0.34506,0.0802,0.53183,0.61203,0.05452,0.12472,0.18024,0.05907,0.04756,0.10764,0.09521,0.09647,0.19242,0.08633,0.11221,0.19954,0.09871,0.02815,0.12685,0.10461
wjola,5,18,0.0958,0.12013,0.21593,0.10313,0.13678,0.24059,0.09321,0.05242,0.14663,0.07081,0.26142,0.33318,0.11915,0.39968,0.51984,0.08775,0.12038,0.20813,0.07545,0.02826,0.10371,0.1168,0.05816,0.17496,0.10878,0.09486,0.20435,0.15564,0.02374,0.17938,0.12005
wjola,5,19,0.08783,0.06267,0.1515,0.08279,0.13701,0.22084,0.09478,0.03561,0.1314,0.06327,0.15248,0.21648,0.12165,0.40058,0.52323,0.07059,0.1084,0.17899,0.05467,0.0477,0.10337,0.11648,0.07972,0.1962,0.10811,0.12322,0.23133,0.11566,0.03246,0.14812,0.10834
wjola,5,20,0.08698,0.17529,0.26328,0.07943,0.1445,0.22482,0.13084,0.10788,0.23968,0.06719,0.74803,0.81622,0.09144,0.21898,0.31143,0.09238,0.07963,0.17282,0.06547,0.03254,0.09924,0.0834,0.07905,0.16416,0.07642,0.10759,0.18401,0.12849,0.0308,0.15929,0.10838
wjola,5,21,0.07445,0.01175,0.08722,0.09713,0.12304,0.22016,0.20004,0.07701,0.01796,0.03516,0.16111,0.21592,0.09044,0.40785,0.49928,0.06768,0.10641,0.17509,0.06391,0.02856,0.09347,0.10943,0.06852,0.17994,0.1148,0.10835,0.22415,0.10486,0.05698,0.16383,0.11549
wjola,5,22,0.07852,0.0114,0.09092,0.09219,0.09886,0.19185,0.15908,0.06022,0.01166,0.05965,0.23652,0.30836,0.09473,0.19987,0.29547,0.31252,0.11266,0.01846,0.07127,0.07268,0.16377,0.08365,0.08782,0.17147,0.099,0.08931,0.18932,0.12542,0.15326,0.28069,0.07776
kasia,4,1,0.05612,0.09637,0.15249,0.07581,0.13618,0.21199,0.0667,0.02834,0.09604,0.08408,0.19743,0.28151,0.0659,0.24372,0.30962,0.10432,0.09543,0.19975,0.09187,0.07133,0.16415,0.07181,0.11222,0.18403,0.10797,0.10024,0.20822,0.08828,0.07133,0.15961,0.09626
kasia,4,2,0.04626,0.141,0.18826,0.06174,0.12869,0.19143,0.05905,0.04361,0.10365,0.07937,0.20033,0.2807,0.05812,0.8082,0.86764,0.0588,0.10845,0.16825,0.0631,0.06385,0.12743,0.07702,0.07079,0.14781,0.10336,0.09678,0.20105,0.05401,0.07632,0.13129,0.07872
kasia,4,3,0.09508,0.08449,0.18075,0.09356,0.15662,0.25118,0.09506,0.01941,0.11548,0.08796,0.1203,0.20827,0.10361,0.20392,0.30753,0.32869,0.12477,0.02658,0.0753,0.03687,0.13976,0.08402,0.08057,0.16459,0.08632,0.10035,0.18763,0.0622,0.0485,0.11169,0.08438
kasia,4,4,0.06662,0.11169,0.17924,0.04777,0.17214,0.21991,0.06269,0.05616,0.12034,0.0755,0.11544,0.1918,0.1116,0.41674,0.52834,0.50517,0.08843,0.03114,0.09121,0.02798,0.15134,0.07873,0.08731,0.16705,0.08325,0.09726,0.18151,0.05368,0.0367,0.0914,0.07551
kasia,4,5,0.06257,0.09684,0.16041,0.08619,0.13645,0.2236,0.06252,0.02014,0.08366,0.06688,0.1326,0.20048,0.10329,0.29725,0.40054,0.12183,0.03562,0.15846,0.08871,0.06415,0.15286,0.07635,0.09897,0.17531,0.08781,0.08797,0.17662,0.0625,0.07213,0.13562,0.09535
kasia,4,6,0.05889,0.76392,0.82282,0.04991,0.16927,0.22017,0.07554,0.02054,0.09607,0.06361,0.11621,0.17983,0.08694,0.21217,0.30012,0.12703,0.0638,0.19182,0.08476,0.0542,0.13896,0.07574,0.05989,0.13663,0.07929,0.09343,0.17272,0.04613,0.06045,0.10758,0.0678
kasia,4,7,0.04586,0.1524,0.19926,0.07553,0.1399,0.21612,0.21184,0.07195,0.01807,0.05953,0.14005,0.2196,0.09572,0.29941,0.39599,0.40744,0.10803,0.03627,0.06417,0.02697,0.12741,0.07636,0.08363,0.16096,0.08765,0.07974,0.16803,0.05832,0.03605,0.09565,0.06756
kasia,4,8,0.08218,0.04405,0.12741,0.09857,0.10193,0.20151,0.08228,0.01883,0.10245,0.06788,0.12456,0.19308,0.08384,0.29604,0.37988,0.40038,0.10434,0.02996,0.07614,0.03142,0.13932,0.07219,0.07579,0.14798,0.09594,0.08005,0.17599,0.05922,0.0361,0.09632,0.06359
kasia,4,9,0.08691,0.01987,0.10781,0.10384,0.14086,0.2447,0.20009,0.05923,0.01097,0.08024,0.16337,0.25558,0.09582,0.14373,0.24072,0.27163,0.12789,0.03284,0.06194,0.07632,0.17209,0.09579,0.0677,0.164,0.07558,0.11599,0.19157,0.07535,0.04439,0.11974,0.08742
kasia,4,10,0.07048,0.13212,0.2036,0.06672,0.13224,0.19996,0.09563,0.16025,0.25588,0.06798,0.16831,0.23629,0.0579,0.88024,0.93916,0.08799,0.04805,0.1367,0.07128,0.05245,0.12373,0.09548,0.03688,0.13299,0.08285,0.09624,0.17945,0.05989,0.04128,0.10186,0.08621
kasia,4,11,0.07033,0.09214,0.16347,0.08478,0.11516,0.19994,0.0592,0.02291,0.08295,0.0837,0.12477,0.20947,0.0999,0.74771,0.84761,0.08351,0.044,0.12852,0.08306,0.02452,0.10758,0.0872,0.05217,0.13978,0.08031,0.09623,0.17654,0.04599,0.06418,0.11117,0.07147
kasia,4,12,0.08702,0.08424,0.17225,0.07798,0.12127,0.20025,0.09933,0.02304,0.12336,0.068,0.13978,0.20777,0.09291,0.81162,0.90452,0.0628,0.09236,0.15615,0.07933,0.03608,0.11541,0.09311,0.07896,0.17207,0.0924,0.09881,0.19121,0.06347,0.03656,0.10103,0.06755
kasia,4,13,0.07943,0.12847,0.20887,0.08718,0.10336,0.19155,0.06748,0.05227,0.12039,0.06797,0.10304,0.17101,0.08516,0.85581,0.94097,0.08311,0.08807,0.17218,0.06643,0.06841,0.13585,0.10043,0.06612,0.16755,0.07543,0.10754,0.18348,0.05633,0.1047,0.16103,0.09472
kasia,4,14,0.08269,0.08805,0.17175,0.08238,0.46085,0.54423,0.10233,0.06354,0.16683,0.04335,0.76802,0.81238,0.07078,0.12885,0.20035,0.11152,0.06252,0.17506,0.08365,0.07219,0.15684,0.07955,0.32153,0.40108,0.09333,0.10416,0.19849,0.06405,0.05604,0.12009,0.06761
kasia,4,15,0.06269,0.08037,0.14407,0.06695,0.14884,0.21638,0.09036,0.05198,0.14333,0.07253,0.11137,0.1839,0.09116,0.51198,0.60415,0.06448,0.07134,0.13582,0.07943,0.0314,0.11184,0.08852,0.07556,0.16408,0.11295,0.09532,0.20827,0.07439,0.06066,0.13604,0.09226
kasia,4,16,0.09273,0.08668,0.17942,0.07586,0.18039,0.25698,0.07448,0.02409,0.0998,0.07199,0.34385,0.41584,0.04391,0.73254,0.78044,0.08279,0.08809,0.17189,0.07078,0.055,0.12678,0.08036,0.07832,0.16005,0.09182,0.12038,0.2132,0.07581,0.08339,0.1592,0.07582
kasia,4,17,0.06617,0.10811,0.17529,0.07157,0.15194,0.22447,0.06254,0.07224,0.13577,0.07081,0.1482,0.22,0.04247,0.76884,0.81232,0.12698,0.04012,0.1681,0.07498,0.0525,0.1279,0.09499,0.08846,0.18345,0.06864,0.09216,0.16079,0.05008,0.06016,0.11124,0.08485
kasia,4,18,0.07487,0.14019,0.21607,0.07951,0.11663,0.19661,0.05404,0.02752,0.08256,0.06467,0.20391,0.26858,0.09205,1.02419,1.11624,0.05843,0.05631,0.11605,0.06708,0.0553,0.12289,0.08448,0.06044,0.14543,0.08323,0.10116,0.18438,0.05884,0.03216,0.091,0.09581
kasia,4,19,0.05986,0.09396,0.15478,0.06883,0.15651,0.22637,0.09911,0.03974,0.14015,0.05878,0.1152,0.17498,0.07543,0.88801,0.96445,0.05106,0.10025,0.15232,0.05187,0.04742,0.09929,0.09261,0.0722,0.16481,0.09148,0.10343,0.19592,0.06322,0.04425,0.10849,0.08816
kasia,4,20,0.06169,0.10797,0.17068,0.08799,0.15984,0.24782,0.07233,0.04388,0.11621,0.0793,0.78469,0.86399,0.07979,0.19551,0.2753,0.06434,0.10004,0.16438,0.04787,0.10375,0.15163,0.09275,0.02401,0.11676,0.10323,0.1008,0.20403,0.05586,0.0673,0.12357,0.07285
kasia,4,21,0.04737,0.17565,0.224,0.09102,0.16104,0.25296,0.10606,0.02881,0.13554,0.05964,0.221,0.28063,0.07015,0.12398,0.19508,0.06336,0.08348,0.14785,0.05597,0.14404,0.20001,0.04781,0.07195,0.11977,0.09239,0.1394,0.23179,0.05142,0.08116,0.13354,0.06629
kasia,4,22,0.07446,0.04796,0.12359,0.08336,0.16708,0.2518,0.027,0.01975,0.04798,0.0513,0.34023,0.39261,0.08441,0.72848,0.81288,0.0987,0.0388,0.1385,0.08429,0.07198,0.15627,0.05496,0.0764,0.13236,0.08324,0.13171,0.21595,0.0591,0.06333,0.12343,0.05534
kasia,4,23,0.06203,0.23994,0.30395,0.1197,0.14013,0.26073,0.06656,0.04346,0.11123,0.07937,0.13157,0.21195,0.09518,0.45195,0.5482,0.57219,0.12024,0.0167,0.07486,0.06,0.15157,0.08757,0.0753,0.16389,0.09264,0.10031,0.19295,0.05391,0.06073,0.11564,0.08246
kasia,4,24,0.10496,0.06404,0.169,0.08708,0.19263,0.27971,0.09854,0.07621,0.17571,0.05909,0.15659,0.21649,0.09985,0.35905,0.4589,0.47956,0.12051,0.0265,0.07116,0.052,0.15165,0.09657,0.32829,0.42487,0.10297,0.10033,0.2043,0.05953,0.0591,0.11863,0.07231
kasia,4,25,0.07881,0.08389,0.16371,0.08016,0.16807,0.24889,0.06019,0.0618,0.12298,0.07464,0.14041,0.2158,0.09625,0.65982,0.75707,0.09465,0.02314,0.11879,0.08874,0.04697,0.13626,0.07069,0.09292,0.16452,0.09493,0.08871,0.18464,0.05802,0.0689,0.12792,0.07485
kasia,4,26,0.07511,0.075,0.15112,0.09621,0.10815,0.20436,0.0875,0.02747,0.11598,0.0717,0.13884,0.21125,0.07964,0.22409,0.30473,0.06818,0.07615,0.14493,0.06947,0.03249,0.10296,0.09609,0.08807,0.18502,0.08608,0.09257,0.17965,0.04649,0.05175,0.09967,0.06721
kasia,4,27,0.08146,0.05237,0.13482,0.06716,0.12854,0.1967,0.07875,0.02397,0.10372,0.06004,0.10844,0.16848,0.12258,0.63207,0.75565,0.07504,0.11355,0.18959,0.05255,0.06952,0.12259,0.1075,0.03941,0.14691,0.08284,0.11613,0.20007,0.06473,0.07549,0.14022,0.07898
kasia,4,28,0.06247,0.37246,0.43594,0.08673,0.1438,0.23153,0.07515,0.03206,0.10798,0.05971,0.24053,0.30024,0.07545,0.35091,0.42737,0.07206,0.14769,0.22073,0.06827,0.10391,0.17218,0.09502,0.04324,0.13911,0.09706,0.16355,0.2606,0.06677,0.10393,0.1717,0.07626
kasia,4,29,0.07157,0.14362,0.21575,0.10461,0.1916,0.29721,0.03833,0.06788,0.10722,0.07563,0.14384,0.22045,0.07166,0.80405,0.87571,0.06789,0.11533,0.18388,0.06482,0.03914,0.10396,0.0954,0.10047,0.19685,0.0827,0.13516,0.21896,0.06059,0.09959,0.16018,0.09233
kasia,5,30,0.06314,0.05226,0.11639,0.07046,0.11234,0.18476,0.19582,0.08254,0.01087,0.06429,0.17616,0.25296,0.05444,0.10423,0.15966,0.22863,0.12441,0.02694,0.06447,0.07547,0.16757,0.09893,0.03553,0.13509,0.05925,0.09679,0.1573,0.05097,0.07575,0.1277,0.09215
kasia,5,31,0.06232,0.07199,0.13513,0.07081,0.12558,0.19639,0.19618,0.0706,0.02707,0.0237,0.26049,0.31264,0.06962,0.41278,0.48439,0.55345,0.13967,0.019,0.09541,0.10022,0.21605,0.10319,0.09159,0.19577,0.08718,0.10358,0.19177,0.03489,0.19174,0.22764,0.0789
kasia,5,32,0.0853,0.11916,0.20546,0.11359,0.15459,0.26818,0.04125,0.013,0.05524,0.03532,0.63512,0.67145,0.07258,0.31494,0.38752,0.07879,0.10144,0.18124,0.06281,0.1639,0.22772,0.07123,0.13202,0.20425,0.10706,0.13179,0.23985,0.1156,0.08354,0.20015,0.11894
kasia,5,33,0.06703,0.20817,0.2762,0.06767,0.1846,0.25227,0.04635,0.68391,0.73225,0.06621,0.31234,0.37855,0.09566,0.17559,0.27224,0.0993,0.10049,0.20078,0.08117,0.12432,0.20749,0.09984,0.07635,0.17619,0.13154,0.13652,0.26806,0.11841,0.12065,0.24006,0.09342
kasia,5,34,0.07411,0.12459,0.19971,0.07406,0.16078,0.23585,0.27694,0.11616,0.03106,0.05983,0.26003,0.35186,0.10049,0.54434,0.64483,0.08596,0.08085,0.16743,0.05447,0.09234,0.14781,0.10385,0.03563,0.13989,0.08853,0.10354,0.19207,0.04254,0.17271,0.21625,0.05876
kasia,5,35,0.0623,0.15533,0.21862,0.08084,0.11819,0.20003,0.09201,0.02687,0.11888,0.06428,0.27388,0.33833,0.10846,0.68889,0.79836,0.10494,0.10837,0.21332,0.07133,0.11124,0.18357,0.09826,0.1328,0.23205,0.07129,0.18363,0.25592,0.06581,0.1973,0.26413,0.05384
kasia,5,36,0.07208,0.20061,0.27359,0.13649,0.17303,0.30952,0.25907,0.08604,0.04511,0.0357,0.20484,0.28634,0.10449,0.23817,0.34266,0.08478,0.12253,0.20833,0.07295,0.08184,0.15579,0.13674,0.14588,0.28262,0.08161,0.15025,0.23239,0.08469,0.14566,0.23136,0.0636
kasia,5,37,0.08042,0.19612,0.27743,0.10819,0.14649,0.25568,0.12262,0.07116,0.19478,0.067,0.16453,0.23253,0.10421,0.23173,0.33695,0.06801,0.11398,0.18199,0.0766,0.13285,0.21045,0.09421,0.14189,0.23709,0.09075,0.10394,0.19469,0.07803,0.17332,0.25134,0.07964
kasia,5,38,0.08001,0.19209,0.2721,0.08219,0.20346,0.28713,0.09981,0.01961,0.12043,0.0562,0.30349,0.35969,0.05939,0.6762,0.73659,0.08734,0.09618,0.18454,0.04656,0.07235,0.11942,0.07888,0.08327,0.16292,0.07189,0.12427,0.19716,0.04648,0.05208,0.09956,0.07872
kasia,5,39,0.09365,0.21524,0.3099,0.1261,0.14113,0.26822,0.17296,0.28145,0.4554,0.117,0.12745,0.24598,0.14586,0.60139,0.74725,0.10041,0.10477,0.20618,0.14442,0.0271,0.17251,0.18147,0.12424,0.30635,0.12115,0.12821,0.25036,0.13541,0.05314,0.18955,0.13722
kasia,5,40,0.14083,0.15188,0.29311,0.1086,0.13111,0.24046,0.24449,0.11338,0.04026,0.12315,0.19189,0.35643,0.1222,0.6694,0.79259,0.09632,0.08125,0.17757,0.13077,0.00993,0.1417,0.13165,0.35576,0.48741,0.08766,0.11709,0.20475,0.07264,0.04994,0.12354,0.07325
kasia,5,41,0.08861,0.18837,0.27823,0.12576,0.1045,0.23127,0.11744,0.01267,0.13162,0.1369,0.14129,0.27885,0.08058,0.68455,0.76612,0.07581,0.11501,0.19178,0.08989,0.02713,0.11802,0.11766,0.12768,0.24635,0.10885,0.14574,0.25559,0.08569,0.06879,0.15448,0.0915
kasia,5,42,0.08637,0.07123,0.15859,0.09573,0.09537,0.1918,0.17587,0.0805,0.01535,0.07589,0.10846,0.20093,0.07187,0.13588,0.20774,0.26412,0.12824,0.02234,0.06025,0.05236,0.13594,0.10767,0.32362,0.43128,0.0796,0.1089,0.18849,0.09594,0.06378,0.15972,0.07626
kasia,5,43,0.09915,0.05143,0.15159,0.09649,0.1155,0.21199,0.17987,0.06437,0.03223,0.05469,0.18809,0.27601,0.06394,0.25127,0.31554,0.36337,0.1121,0.03914,0.05985,0.07599,0.17596,0.09997,0.33229,0.43225,0.1356,0.14332,0.27993,0.09893,0.06008,0.16001,0.09623
kasia,6,44,0.06268,0.10045,0.16414,0.1277,0.2313,0.35901,0.29566,0.06436,0.02198,0.05454,0.33848,0.41599,0.06264,1.21616,1.27981,1.3024,0.08624,0.02299,0.15021,0.0726,0.24659,0.04974,0.82475,0.8755,0.08011,0.10896,0.19007,0.07209,0.10011,0.17314,0.07207
kasia,6,45,0.08779,0.07635,0.16414,0.08721,0.178,0.26521,0.26101,0.08301,0.01598,0.05447,0.20513,0.27669,0.0855,0.83985,0.92576,0.08051,0.10442,0.18594,0.06781,0.0909,0.15974,0.08357,0.18113,0.26471,0.09408,0.12379,0.21889,0.07314,0.11332,0.18646,0.10914
kasia,6,46,0.0987,0.38808,0.48778,0.0841,0.3195,0.40456,0.10146,0.03112,0.13257,0.07157,0.2659,0.33747,0.08023,0.39256,0.4738,0.0719,0.31033,0.38323,0.06121,0.5255,0.58792,0.07561,0.76608,0.84269,0.06379,0.18286,0.24665,0.06744,0.20846,0.27691,0.06011
kasia,6,47,0.17639,0.83901,1.01642,0.08201,0.32302,0.4056,0.0955,0.12252,0.21903,0.09895,0.86449,0.96445,0.08494,0.21486,0.30176,0.10017,0.10014,0.20031,0.07657,0.19645,0.27401,0.07987,0.85296,0.93382,0.09835,0.13229,0.23163,0.08123,0.14975,0.23097,0.06837
kasia,6,48,0.09219,0.19966,0.29186,0.08376,0.29934,0.38409,0.09646,0.02269,0.11914,0.09606,0.76364,0.86059,0.09481,0.24003,0.33583,0.12716,0.04423,0.17239,0.13211,0.11605,0.24816,0.10877,0.13757,0.24736,0.11225,0.15062,0.2638,0.08068,0.07622,0.1569,0.07208
wiktoria,1,1,0.0819,2.4878,2.57072,0.09109,1.95622,2.04831,0.09576,0.07105,0.16793,0.0838,2.39936,2.48417,0.10277,1.95143,2.05574,0.07138,0.21474,0.28769,0.07416,0.12509,0.20025,0.05463,3.0807,3.13663,0.0983,0.17575,0.27532,0.08768,0.73187,0.82056,0.09129
wiktoria,1,2,0.1155,1.19171,1.30822,0.11876,0.35663,0.47539,0.09588,0.19666,0.29254,0.12766,0.87247,1.00013,0.09924,0.70879,0.80803,0.09061,0.24125,0.33186,0.07939,0.13637,0.21576,0.07882,0.67675,0.75557,0.07977,0.18435,0.26413,0.09991,0.29638,0.3963,0.10757
wiktoria,1,3,0.10802,0.22265,0.33178,0.08003,0.41286,0.49289,0.09024,0.13993,0.23123,0.08759,0.37132,0.4599,0.09677,0.26351,0.36027,0.08744,0.24666,0.33536,0.07241,0.21621,0.28861,0.0724,0.41489,0.48844,0.07811,0.23181,0.31107,0.09576,0.12815,0.2245,0.09516
wiktoria,1,4,0.09524,0.23196,0.3282,0.07469,0.54411,0.61979,0.0706,0.09622,0.16828,0.07087,0.39635,0.46836,0.10834,0.72752,0.83586,0.06579,0.23254,0.29965,0.06297,0.10324,0.16726,0.09125,0.29646,0.38916,0.08678,0.18358,0.27117,0.07882,0.4362,0.51643,0.09136
wiktoria,1,5,0.09409,0.84541,0.9405,0.07542,0.28416,0.35958,0.09097,0.20473,0.29661,0.07861,1.83295,1.91156,0.09521,0.38402,0.47966,0.0787,0.21549,0.29533,0.06292,0.26825,0.33261,0.09906,0.22798,0.32806,0.08698,0.22055,0.30853,0.08815,0.80762,0.89577,0.08323
wiktoria,1,6,0.08654,0.22379,0.31172,0.10684,0.37981,0.48776,0.07947,0.16751,0.24827,0.07091,1.92014,1.99241,0.09097,1.39919,1.49243,0.08334,0.20423,0.28775,0.06703,0.17182,0.2399,0.08765,0.13219,0.21985,0.08673,0.18447,0.27236,0.08616,0.4047,0.49211,0.09931
wiktoria,1,7,0.10827,0.61095,0.71923,0.06404,0.43891,0.50381,0.07076,0.18743,0.26018,0.10377,1.54351,1.64829,0.11203,1.1597,1.27224,0.08369,0.2346,0.31956,0.07816,0.20477,0.28431,0.10365,0.25527,0.35994,0.0747,0.2045,0.27971,0.09566,0.1839,0.27956,0.12453
wiktoria,1,8,0.1137,0.23967,0.35443,0.08501,0.32783,0.41284,0.07946,0.17195,0.25241,0.10672,1.51569,1.62361,0.09835,0.27229,0.37273,0.07119,0.26416,0.33535,0.0832,0.15162,0.23583,0.07553,0.19971,0.27608,0.08313,0.18777,0.27195,0.10015,0.12381,0.22396,0.10215
wiktoria,1,9,0.0828,1.21172,1.29558,0.09036,0.33285,0.42507,0.07611,0.1429,0.21901,0.09095,0.23669,0.32905,0.10229,0.43619,0.53956,0.06694,0.25223,0.32045,0.11407,0.22071,0.33527,0.10323,0.14354,0.24795,0.07054,0.18461,0.25615,0.08702,0.11236,0.20039,0.1176
wiktoria,1,10,0.09081,1.64808,1.73989,0.08318,0.48399,0.56802,0.11112,0.16735,0.27972,0.0953,0.28809,0.3845,0.10274,0.33603,0.43979,0.06228,0.205,0.26842,0.08661,0.1201,0.2077,0.08687,0.26406,0.35192,0.0746,0.17954,0.25539,0.08765,0.35993,0.44893,0.11458
wiktoria,1,11,0.08745,0.47997,0.56842,0.07044,0.29613,0.36787,0.09116,0.15965,0.25233,0.07979,2.00755,2.08734,0.15927,0.93258,1.09287,0.08732,0.37641,0.46373,0.07479,0.12408,0.19992,0.10292,0.44362,0.54773,0.08249,0.23617,0.32007,0.0882,0.45101,0.54021,0.08316
wiktoria,1,12,0.10405,1.16365,1.2677,0.11133,0.32394,0.43622,0.07632,0.18361,0.25993,0.12682,0.49256,0.62038,0.10785,1.35236,1.46021,0.0759,0.29144,0.36734,0.09233,0.1842,0.27653,0.09977,0.14512,0.2449,0.07952,0.18408,0.2636,0.10225,0.4724,0.57577,0.06736
wiktoria,1,13,0.13377,0.20898,0.34402,0.09506,0.27999,0.37619,0.10766,0.11171,0.2204,0.0976,0.98055,1.07929,0.09586,0.62265,0.71965,0.0793,0.21176,0.29222,0.08332,0.16414,0.24848,0.10645,0.15604,0.26364,0.09107,0.21264,0.30478,0.09032,0.16831,0.25957,0.11104
wiktoria,1,14,0.09489,0.21125,0.30714,0.08318,0.28784,0.37253,0.09652,0.10722,0.20374,0.09514,0.56461,0.66075,0.10772,0.36374,0.47146,0.07526,0.22023,0.29649,0.07617,0.09169,0.16786,0.11869,0.144,0.26374,0.0905,0.16471,0.2562,0.09049,0.15703,0.24824,0.05082
wiktoria,1,15,0.06739,1.11112,1.1795,0.1035,0.29207,0.39648,0.09893,0.13279,0.23271,0.0747,0.78386,0.85856,0.07978,0.32412,0.40516,0.0578,0.19303,0.25212,0.06674,0.12053,0.18727,0.08617,0.48449,0.57221,0.07084,0.15955,0.23136,0.07547,0.10017,0.1767,0.11059
wiktoria,1,16,0.06643,0.49953,0.56696,0.07062,0.297,0.36861,0.09527,0.09172,0.188,0.07551,0.50367,0.58018,0.11846,0.28766,0.40726,0.095,0.20022,0.29664,0.09497,0.07161,0.16768,0.12271,0.25292,0.37632,0.08725,0.18395,0.27193,0.09967,0.38057,0.48024,0.10688
wiktoria,1,17,0.12708,0.99992,1.12778,0.07455,0.41199,0.48796,0.07015,0.14821,0.2196,0.11961,0.41546,0.53607,0.12301,1.71948,1.84349,0.09262,0.22281,0.31654,0.08818,0.11204,0.20022,0.11209,0.24335,0.35544,0.07932,0.14412,0.22458,0.07102,0.4312,0.50324,0.10752
wiktoria,1,18,0.0826,0.66094,0.74449,0.1025,0.43656,0.5402,0.11054,0.11104,0.22372,0.09452,1.43804,1.53219,0.11027,0.41176,0.52303,0.07515,0.24285,0.31983,0.07919,0.22754,0.30787,0.13874,1.22168,1.36186,0.09038,0.24397,0.335,0.08255,0.4158,0.49959,0.13563
wiktoria,1,19,0.1074,0.39538,0.50392,0.13405,0.43262,0.56768,0.08146,0.12156,0.20444,0.1266,0.88021,1.00799,0.13482,1.64377,1.77973,0.07509,0.21635,0.29237,0.09144,0.27258,0.36403,0.12236,0.27229,0.39563,0.0793,0.2205,0.30094,0.09482,0.33619,0.43101,0.13118
wiktoria,1,20,0.10213,0.2846,0.38773,0.11457,0.30856,0.42365,0.09243,0.14012,0.23255,0.09456,1.04669,1.14221,0.10148,0.41623,0.51771,0.08311,0.21223,0.29663,0.08286,0.13558,0.21947,0.11145,0.26749,0.37994,0.07139,0.25097,0.32337,0.08362,0.1598,0.24443,0.07061
wiktoria,1,21,0.08336,1.22804,1.31248,0.12616,0.33228,0.45978,0.08322,0.15211,0.23584,0.12673,0.68413,0.81207,0.10768,0.54349,0.65243,0.0829,0.21543,0.29938,0.08676,0.20033,0.2881,0.11907,0.22757,0.34788,0.07973,0.211,0.29203,0.07921,0.1837,0.26392,0.09483
wiktoria,1,22,0.08013,0.49965,0.57978,0.06756,0.41497,0.48354,0.11105,0.11653,0.22896,0.09567,0.92404,1.01971,0.11194,0.57066,0.6836,0.08476,0.41197,0.49673,0.09915,0.1716,0.27176,0.11479,0.72881,0.84463,0.09033,0.19191,0.28321,0.07987,0.47109,0.55198,0.07961
wiktoria,1,23,0.09213,0.22806,0.32019,0.09951,0.30835,0.40786,0.08745,0.132,0.21945,0.08466,1.13202,1.21668,0.1005,4.37158,4.47209,0.07969,0.24833,0.32802,0.07192,0.15592,0.22784,0.10748,0.23689,0.34437,0.09092,0.217,0.30792,0.07562,0.19567,0.27129,0.09077
wiktoria,1,24,0.09138,0.2676,0.35899,0.09584,0.30379,0.40077,0.08419,0.06755,0.15174,0.07514,0.4434,0.51967,0.13886,4.2013,4.34118,0.08237,0.25624,0.33904,0.09134,0.13227,0.22462,0.11119,0.18435,0.29554,0.11077,0.36006,0.47199,0.09551,0.25824,0.35579,0.10007
wiktoria,1,25,0.11547,0.24312,0.35991,0.11057,0.27314,0.38471,0.08714,0.12003,0.20817,0.09497,1.69132,1.78728,0.13048,0.46444,0.59592,0.08496,0.22336,0.30832,0.08442,0.13122,0.21564,0.10304,0.20761,0.31204,0.08333,0.17627,0.26088,0.07993,0.27262,0.35256,0.10813
wiktoria,1,26,0.08677,0.39626,0.48376,0.11949,0.3077,0.42833,0.07515,0.11981,0.19596,0.09087,1.14788,1.2399,0.11795,0.80485,0.92429,0.08706,0.17592,0.26395,0.08841,0.11109,0.1995,0.13114,0.34006,0.47219,0.07896,0.18029,0.26025,0.07918,0.26065,0.33983,0.09893
wiktoria,1,27,0.08952,0.72796,0.81869,0.11497,0.28765,0.4041,0.09979,0.11956,0.22034,0.0904,1.29248,1.38402,0.11051,0.64465,0.75616,0.09223,0.23595,0.32818,0.09096,0.1155,0.20697,0.13959,0.34433,0.48507,0.08611,0.21942,0.30681,0.0959,0.19036,0.28925,0.1109
wiktoria,1,28,0.09848,0.97625,1.07577,0.09975,0.63616,0.73591,0.08688,0.11989,0.20778,0.11174,0.54818,0.66093,0.11536,0.46831,0.58367,0.07884,0.26438,0.34321,0.08772,0.16025,0.24797,0.11164,0.28739,0.40049,0.09084,0.18047,0.27232,0.07944,0.41201,0.49197,0.14343
wiktoria,1,29,0.10244,1.55242,1.65585,0.11112,0.30903,0.42015,0.09472,0.09598,0.19152,0.08699,0.94418,1.03216,0.11339,0.63281,0.74811,0.08723,0.26805,0.35628,0.08719,0.15978,0.24697,0.08712,0.90415,0.99261,0.09453,0.20038,0.29605,0.10251,0.32101,0.42452,0.07879
adam,1,1,0.09555,0.46014,0.55569,0.10692,0.13137,0.23939,0.10523,0.10518,0.20941,0.07,1.05626,1.12727,0.10752,0.20441,0.31193,0.0748,0.40062,0.47638,0.08699,0.09891,0.18691,0.09142,0.09662,0.18867,0.09466,0.14021,0.23687,0.06214,0.11522,0.17835,0.10921
adam,1,2,0.05927,0.29684,0.35611,0.08586,0.26476,0.35161,0.09824,0.05258,0.15182,0.06707,0.36805,0.43557,0.09617,0.26409,0.36026,0.09179,0.16337,0.25616,0.07061,0.24096,0.31256,0.07872,0.39179,0.47102,0.07446,0.15624,0.23171,0.06471,0.09929,0.16401,0.09527
adam,1,3,0.07555,0.51553,0.59108,0.08058,0.24744,0.32802,0.07552,0.54458,0.62069,0.07501,0.2123,0.28831,0.08983,0.30864,0.39947,0.08837,0.15981,0.24818,0.06231,0.136,0.19931,0.09946,0.18393,0.28438,0.07606,0.14494,0.221,0.07035,0.19266,0.26301,0.0884
adam,1,4,0.06234,0.14822,0.21136,0.09647,0.2077,0.30517,0.08186,0.07327,0.15609,0.07809,0.34817,0.42708,0.0911,0.25943,0.35153,0.08039,0.15193,0.23233,0.06453,0.21072,0.27525,0.10452,0.21165,0.31716,0.08607,0.12538,0.21248,0.07065,0.11623,0.18688,0.08728
adam,1,5,0.08153,0.18929,0.2716,0.0871,0.33669,0.42421,0.08198,0.09585,0.17878,0.07625,0.70463,0.78088,0.08742,0.36289,0.45131,0.08747,0.19613,0.28416,0.05421,0.20876,0.26497,0.10322,2.97177,3.07499,0.08322,0.1281,0.21233,0.05899,0.06277,0.12275,0.09192
adam,1,6,0.0628,0.17596,0.23877,0.08808,1.06442,1.1525,0.08237,0.24053,0.3239,0.06654,0.45594,0.52349,0.08433,0.29643,0.38076,0.08758,0.14074,0.22831,0.06761,0.11571,0.18332,0.07868,0.21597,0.29566,0.06388,0.17197,0.23585,0.05885,0.11609,0.17594,0.08074
adam,1,7,0.07632,0.272,0.34831,0.09488,0.18864,0.28452,0.0862,0.1251,0.21231,0.08317,1.33215,1.41533,0.09456,0.76899,0.86449,0.08619,0.17305,0.26024,0.05917,0.16794,0.22711,0.0883,0.16812,0.25642,0.07921,0.12456,0.20377,0.07159,0.07996,0.15155,0.10667
adam,1,8,0.08201,0.34514,0.42814,0.09539,0.2441,0.33949,0.08198,0.11305,0.19603,0.08252,0.55651,0.64003,0.09949,0.21579,0.31571,0.09244,0.14723,0.23966,0.07311,0.12316,0.19626,0.08739,0.19157,0.27997,0.096,0.11908,0.21547,0.07246,0.09956,0.17202,0.10328
adam,1,9,0.0803,0.21945,0.29975,0.09127,0.27581,0.36808,0.07631,0.07631,0.15262,0.08378,0.60413,0.68791,0.09643,0.35974,0.45716,0.09551,0.17207,0.26758,0.06805,0.12001,0.18806,0.08993,0.177,0.26794,0.0871,0.13106,0.21917,0.07281,0.08794,0.16075,0.10308
adam,1,10,0.07588,0.19549,0.27237,0.10095,0.23596,0.3369,0.08191,0.093,0.17593,0.0762,0.95946,1.03566,0.09912,0.18063,0.28061,0.09551,0.16727,0.26376,0.06412,0.21163,0.27575,0.09523,0.2408,0.337,0.07949,0.13156,0.21105,0.06286,0.14424,0.2081,0.10293
adam,1,11,0.08204,0.2522,0.33563,0.0925,0.23495,0.32824,0.0707,0.12382,0.19553,0.06648,0.17721,0.24463,0.10681,0.54733,0.65516,0.09905,0.14475,0.24479,0.05548,0.08714,0.14263,0.08709,0.19729,0.2859,0.08629,0.14393,0.23118,0.06672,0.07591,0.14363,0.10477
adam,1,12,0.07198,0.15596,0.22794,0.09372,0.21217,0.30689,0.08847,0.04719,0.13665,0.08054,0.39502,0.47556,0.10044,0.23507,0.3365,0.08423,0.1235,0.20774,0.06808,0.10335,0.17243,0.08759,0.69251,0.7801,0.09447,0.12795,0.22342,0.07296,0.23145,0.30441,0.09496
adam,1,13,0.07119,0.1494,0.22059,0.09031,0.19583,0.28715,0.08298,0.06378,0.14792,0.07165,0.38936,0.46101,0.08591,0.26818,0.35509,0.08786,0.11627,0.20412,0.07092,0.08796,0.15888,0.09063,0.1243,0.21589,0.09925,0.14894,0.24819,0.06384,0.10443,0.16826,0.10268
adam,1,14,0.08313,0.18399,0.26813,0.08674,0.14823,0.236,0.07851,0.07133,0.15086,0.07132,0.44865,0.52097,0.08685,0.53224,0.62009,0.08335,0.12834,0.21266,0.06746,0.06825,0.13571,0.07958,0.16412,0.2437,0.09551,0.11446,0.21097,0.07128,1.98456,2.0568,0.08842
adam,1,15,0.05498,0.1202,0.17592,0.10281,0.29291,0.39672,0.07097,0.09934,0.17032,0.07142,0.2401,0.31218,0.09954,0.309,0.40854,0.0869,0.14323,0.23113,0.06605,0.08636,0.15241,0.10071,0.15184,0.25255,0.0818,0.12466,0.20748,0.06725,0.20488,0.27284,0.10711
adam,1,16,0.07541,0.26908,0.34449,0.0899,0.17945,0.27034,0.09118,0.0726,0.16478,0.0718,0.2635,0.3353,0.10872,0.4236,0.53233,0.08865,0.11609,0.20474,0.06669,0.11206,0.17974,0.08405,0.15902,0.24307,0.08709,0.129,0.21705,0.06334,0.07911,0.14308,0.11322
adam,1,17,0.078,0.12488,0.20387,0.08651,0.24041,0.32794,0.08245,0.10779,0.19119,0.07943,0.23603,0.31653,0.10649,0.41668,0.52418,0.07889,0.14644,0.22634,0.06777,0.10002,0.16879,0.09189,0.19625,0.28914,0.07076,0.13197,0.20372,0.0624,0.08418,0.14758,0.10333
adam,1,18,0.07984,0.19509,0.27594,0.07898,0.20744,0.28742,0.0874,0.06383,0.15219,0.0803,0.49126,0.57156,0.08728,0.23612,0.3244,0.08728,0.13616,0.22444,0.06733,0.09227,0.1596,0.10025,0.12717,0.22742,0.0803,0.15571,0.23701,0.06398,0.08317,0.14815,0.09588
adam,1,19,0.0837,0.14703,0.23072,0.11592,0.99143,1.10789,0.07644,0.09923,0.17637,0.07117,0.31594,0.38813,0.08846,0.31615,0.40461,0.07458,0.12772,0.20332,0.07336,0.09128,0.16463,0.0791,0.10369,0.1834,0.10777,0.10382,0.21247,0.06773,0.1994,0.26713,0.09986
adam,1,20,0.07671,0.15114,0.22785,0.09543,0.70043,0.79586,0.06316,0.07578,0.13994,0.07498,0.22098,0.29647,0.10325,0.29958,0.40283,0.0836,0.12891,0.21351,0.06309,0.10858,0.17167,0.09611,0.19604,0.29215,0.08241,0.12733,0.21073,0.07192,0.13259,0.20526,0.10402
adam,1,21,0.07857,0.84395,0.92352,0.0823,0.17229,0.2556,0.09642,0.0757,0.17212,0.07175,0.3047,0.37645,0.09009,0.28785,0.37895,0.08048,0.14491,0.22539,0.05029,0.36793,0.41921,0.08622,0.1357,0.22295,0.08063,0.1239,0.20553,0.05811,0.05161,0.11068,0.10688
adam,1,22,0.07906,0.51661,0.59668,0.07812,0.15197,0.2311,0.06294,0.08383,0.14876,0.07512,0.25582,0.33094,0.08723,0.34808,0.4363,0.08418,0.12024,0.20441,0.06796,0.12773,0.19569,0.08296,0.16004,0.24379,0.08818,0.12793,0.21612,0.07073,0.09616,0.16789,0.08392
adam,1,23,0.067,1.03648,1.10447,0.09088,0.16047,0.2523,0.07825,0.08015,0.15941,0.07781,0.2766,0.35541,0.0833,0.58384,0.66811,0.08371,0.15144,0.23619,0.06772,0.20363,0.27135,0.09876,0.19243,0.29218,0.08403,0.14042,0.22502,0.0671,0.16824,0.23534,0.07407
adam,1,24,0.07813,0.18324,0.26238,0.09281,0.20645,0.30028,0.08119,0.08834,0.16954,0.06691,0.28446,0.35138,0.09055,0.43217,0.52373,0.08035,0.12326,0.20472,0.0669,0.07248,0.13938,0.07004,0.24098,0.31202,0.07951,0.13203,0.21154,0.06835,0.07175,0.14009,0.09503
adam,1,25,0.06235,0.17329,0.23664,0.09458,0.14044,0.23503,0.07659,0.05904,0.13563,0.07469,0.47238,0.54807,0.08854,0.36838,0.45692,0.07839,0.15188,0.23128,0.06407,0.11198,0.17605,0.0671,0.11621,0.18436,0.0949,0.13677,0.23167,0.06242,0.10052,0.16375,0.08751
adam,1,26,0.08278,0.34887,0.43191,0.08245,0.15139,0.23505,0.07521,0.10905,0.18536,0.06711,0.33561,0.40271,0.07984,0.27267,0.35352,0.07394,0.14412,0.21906,0.06777,0.10877,0.17654,0.07903,0.16783,0.24788,0.05871,0.15256,0.2123,0.05423,0.10914,0.16426,0.07885
adam,1,27,0.07894,0.26464,0.34358,0.07856,0.16074,0.24033,0.10004,0.04367,0.14371,0.07509,0.77544,0.85154,0.0954,1.84074,1.93682,0.08247,0.14094,0.22442,0.06562,0.22899,0.29561,0.0635,0.20868,0.27219,0.0793,0.11123,0.19153,0.07069,0.08851,0.1602,0.09648
adam,1,28,0.0752,0.18455,0.25975,0.0967,0.13901,0.23571,0.07656,0.09531,0.17188,0.07985,0.30416,0.38401,0.0866,0.24089,0.32849,0.08348,0.13579,0.22026,0.05822,0.10901,0.16819,0.07118,0.37938,0.45056,0.08316,0.12452,0.20867,0.0655,0.23669,0.30418,0.08708
adam,1,29,0.09543,0.18963,0.28562,0.09466,0.13125,0.2269,0.07547,0.06767,0.14414,0.07565,0.31561,0.39126,0.08085,0.27111,0.35196,0.06,0.1605,0.2205,0.05643,0.09187,0.1483,0.08281,0.06694,0.15094,0.07561,0.1279,0.2045,0.0555,0.06388,0.12037,0.1072
adam,1,30,0.07046,0.29529,0.36674,0.09165,0.11443,0.20745,0.08882,0.05539,0.1452,0.07978,0.21577,0.29555,0.09872,0.25717,0.35689,0.07905,0.13628,0.21533,0.08009,0.18282,0.26291,0.03186,0.46118,0.49403,0.07074,0.11648,0.18821,0.0614,0.09272,0.15512,0.08356
maja,1,1,0.07253,0.10792,0.18114,0.25837,0.15045,0.02794,0.02749,0.01611,0.07249,0.08373,0.17199,0.25638,0.10431,0.69231,0.79662,0.76763,0.07532,0.01564,0.07553,0.19643,0.28822,0.10352,0.05946,0.16639,0.0737,0.1233,0.197,0.06692,0.25656,0.3248,0.09527
jolka,1,1,0.08303,0.03042,0.1154,0.06806,0.13096,0.19964,0.20325,0.07272,0.01128,0.05488,0.1526,0.21914,0.0916,0.0932,0.18479,0.18832,0.09512,0.03868,0.05979,0.02028,0.12075,0.0995,0.07154,0.17104,0.08835,0.09636,0.18471,0.20435,0.10799,0.02194,0.08327
jolka,2,2,0.12246,0.01515,0.13761,0.0722,0.09585,0.16806,0.16007,0.06511,0.04321,0.04391,0.16026,0.24839,0.09082,0.08899,0.17981,0.15991,0.07092,0.04698,0.05594,0.0196,0.12399,0.08751,0.07628,0.16462,0.0623,0.08129,0.14458,0.13615,0.05486,0.06407,0.04013
kasia,7,49,0.1542,0.11003,0.26523,0.0901,0.20505,0.29615,0.30957,0.10451,0.03449,0.06363,0.19237,0.29255,0.1167,0.15115,0.26885,0.09408,0.08289,0.17751,0.10357,0.07824,0.18214,0.1314,0.05863,0.19102,0.10036,0.1136,0.21396,0.07808,0.05498,0.13306,0.14029
kasia,7,50,0.16441,0.11356,0.27797,0.13999,0.21448,0.35483,0.34683,0.13235,0.01899,0.10386,0.14665,0.2695,0.13177,0.12219,0.25396,0.09596,0.07878,0.17474,0.10294,0.07346,0.17679,0.11795,0.06373,0.18167,0.12925,0.11671,0.24596,0.07755,0.04464,0.12319,0.11323
kasia,7,51,0.12231,0.31055,0.43285,0.08678,0.04981,0.1366,0.10029,0.57871,0.679,0.14506,0.06472,0.20978,0.08168,0.14521,0.22689,0.23655,0.09134,0.03627,0.02719,0.06346,0.02335,0.07309,0.109,0.20543,0.0873,0.07741,0.16471,0.13669,0.05928,0.01832,0.09911
kasia,7,52,0.15012,0.04555,0.19567,0.06887,0.09127,0.16013,0.10837,0.01398,0.12234,0.10034,0.12285,0.22319,0.11508,0.41432,0.52941,0.10477,0.04065,0.14542,0.10008,0.01772,0.11881,0.08654,0.06892,0.15546,0.10395,0.10491,0.20986,0.15876,0.05386,0.02797,0.09097
kasia,7,53,0.13594,0.3596,0.49654,0.08156,0.17179,0.2541,0.11287,0.02762,0.142,0.08591,0.10894,0.19587,0.10006,0.48379,0.5846,0.09103,0.11366,0.20469,0.0868,0.04954,0.13634,0.12849,0.04631,0.1748,0.09936,0.10913,0.20849,0.08244,0.01987,0.10232,0.11679
kasia,7,54,0.15979,0.27734,0.43714,0.14189,0.03158,0.17347,0.14443,0.02314,0.16858,0.06772,0.10473,0.17283,0.10898,0.08757,0.19655,0.11697,0.01114,0.12811,0.09723,0.04957,0.14881,0.08443,0.06063,0.14643,0.08599,0.09504,0.18104,0.06128,0.02044,0.08323,0.08156
kasia,7,55,0.11636,0.12448,0.24185,0.10291,0.1832,0.28712,0.11307,0.03153,0.14511,0.08162,0.18224,0.26487,0.08639,0.17391,0.2603,0.08089,0.08229,0.16421,0.09429,0.06143,0.15572,0.12146,0.01894,0.1404,0.08986,0.10042,0.19131,0.06269,0.03569,0.09938,0.09997
kasia,7,56,0.09191,0.19148,0.28339,0.08961,0.18797,0.27758,0.14217,0.06374,0.20591,0.077,0.17416,0.25116,0.09498,0.18662,0.28259,0.07741,0.10012,0.17753,0.08165,0.13585,0.21945,0.10882,0.01389,0.12272,0.09066,0.10846,0.20011,0.07169,0.05943,0.13262,0.08666
kasia,7,57,0.07383,0.25435,0.32819,0.1147,0.20418,0.31888,0.12722,0.03282,0.16104,0.07134,0.17898,0.2504,0.09093,0.16399,0.25493,0.08101,0.08222,0.16396,0.09608,0.10009,0.19618,0.08617,0.05026,0.13733,0.10412,0.10488,0.209,0.07293,0.14109,0.21402,0.0732
kasia,7,58,0.09543,0.23584,0.33278,0.10488,0.14974,0.25589,0.29163,0.14189,0.01196,0.07833,0.18696,0.27817,0.09138,0.19552,0.2869,0.08543,0.10075,0.18698,0.084,0.07004,0.15541,0.12621,0.02733,0.15354,0.09005,0.11007,0.20164,0.06855,0.03591,0.10446,0.1311
kasia,7,59,0.11346,0.15876,0.27322,0.09933,0.27376,0.37404,0.109,0.04125,0.15026,0.07812,0.19449,0.2726,0.09653,0.18796,0.28448,0.07106,0.12797,0.19903,0.07722,0.13251,0.20973,0.09026,0.04119,0.13145,0.09532,0.12239,0.21871,0.07186,0.09554,0.16839,0.10043
kasia,7,60,0.08681,0.20568,0.29249,0.09481,0.14601,0.24082,0.11363,0.02248,0.13711,0.09018,0.16365,0.25383,0.08124,0.18326,0.26554,0.07149,0.10121,0.1727,0.08119,0.10585,0.18755,0.12697,0.01275,0.13972,0.10144,0.09989,0.20133,0.07284,0.03693,0.10978,0.09811
kasia,7,61,0.08129,0.22802,0.31031,0.10029,0.12268,0.22297,0.1322,0.00857,0.14078,0.08675,0.1879,0.27465,0.0934,0.20581,0.3002,0.0819,0.09491,0.17781,0.09149,0.10939,0.20088,0.10485,0.04123,0.14608,0.0949,0.10552,0.20042,0.08125,0.04071,0.12195,0.12225
kasia,7,62,0.08703,0.22747,0.3145,0.08662,0.17321,0.25983,0.27832,0.10511,0.02242,0.04923,0.23367,0.30635,0.08029,0.183,0.26364,0.08245,0.08131,0.16377,0.07758,0.06402,0.1416,0.12351,0.03208,0.15559,0.08591,0.10099,0.1869,0.06282,0.0319,0.09472,0.09934
kasia,7,63,0.11812,0.17422,0.29234,0.11704,0.11909,0.23712,0.24636,0.12727,0.02121,0.07275,0.17848,0.27413,0.11348,0.12816,0.24164,0.08536,0.09527,0.18136,0.09098,0.05462,0.1466,0.19469,0.14008,0.01378,0.08652,0.10366,0.20496,0.07664,0.03261,0.11075,0.10007
kasia,7,64,0.11338,0.15676,0.27014,0.11697,0.10087,0.21784,0.10515,0.01763,0.12278,0.09925,0.1508,0.25093,0.1367,0.07747,0.21417,0.10469,0.07792,0.18261,0.10025,0.03976,0.14077,0.13755,0.02372,0.16128,0.0901,0.09639,0.18648,0.09018,0.03264,0.12282,0.11337
kasia,7,65,0.09859,0.15062,0.24921,0.09721,0.11728,0.2145,0.11765,0.01253,0.13169,0.06678,0.17895,0.24714,0.10988,0.41384,0.52371,0.09594,0.13302,0.22896,0.06738,0.04135,0.10936,0.13158,0.03281,0.16439,0.09439,0.10583,0.20022,0.09145,0.0172,0.10865,0.10393
kasia,7,66,0.11743,0.15033,0.26876,0.10505,0.10455,0.20961,0.20491,0.10035,0.03106,0.05923,0.49785,0.58914,0.09406,0.14623,0.24029,0.08187,0.09971,0.18158,0.09026,0.04591,0.13718,0.17388,0.12797,0.01742,0.06838,0.10042,0.18622,0.06796,0.02746,0.09641,0.09441
kasia,7,67,0.15027,0.09559,0.24586,0.12133,0.11068,0.23302,0.2327,0.12202,0.02687,0.08545,0.15507,0.2684,0.10514,0.15845,0.26456,0.08675,0.09129,0.17836,0.07653,0.04127,0.1178,0.12246,0.02765,0.15011,0.08643,0.09017,0.17699,0.07351,0.03624,0.10975,0.10998
kasia,7,68,0.08319,0.18835,0.27254,0.07142,0.12803,0.19982,0.07848,0.04518,0.12395,0.08722,0.34803,0.43629,0.06002,0.45311,0.51313,0.09868,0.06,0.15868,0.08739,0.04006,0.12785,0.06763,0.06899,0.13662,0.0713,0.12801,0.19931,0.07222,0.02803,0.10025,0.08016
kasia,7,69,0.10796,0.03624,0.1442,0.07129,0.08825,0.15988,0.08302,0.01635,0.10038,0.05599,0.13177,0.18776,0.09957,0.06818,0.16776,0.08339,0.05528,0.13961,0.07914,0.05135,0.13156,0.08331,0.06424,0.14998,0.08658,0.10832,0.1949,0.05981,0.03245,0.09225,0.09124
kasia,7,70,0.11456,0.13067,0.24524,0.11884,0.12684,0.24668,0.10938,0.01392,0.1233,0.08137,0.13258,0.21488,0.10025,0.40943,0.50968,0.08538,0.15583,0.24222,0.08272,0.05871,0.14143,0.11944,0.02262,0.14206,0.08399,0.10966,0.19465,0.08184,0.02652,0.10936,0.08067
kasia,7,71,0.12289,0.21449,0.33738,0.08177,0.10426,0.18604,0.11077,0.01257,0.12334,0.0967,0.14615,0.24285,0.08955,0.14693,0.23747,0.13632,0.01258,0.1489,0.12354,0.01706,0.14059,0.11388,0.04118,0.15606,0.11375,0.07302,0.18677,0.14615,0.07313,0.02656,0.08051
kasia,7,72,0.13543,0.0963,0.23277,0.10389,0.09705,0.20094,0.18229,0.08524,0.0194,0.05891,0.59635,0.67466,0.08217,0.20478,0.28795,0.07047,0.10633,0.17717,0.08126,0.04124,0.12251,0.11295,0.03174,0.14595,0.08107,0.1372,0.21943,0.0807,0.03652,0.11792,0.08373
kasia,7,73,0.1052,0.19949,0.30469,0.11787,0.20621,0.32408,0.10844,0.01443,0.12317,0.06745,0.16071,0.22826,0.1271,0.55148,0.67858,0.09616,0.11312,0.20928,0.10062,0.03591,0.13654,0.0911,0.07216,0.16407,0.09971,0.11037,0.21042,0.09029,0.01974,0.11003,0.11209
kasia,7,74,0.06048,0.20748,0.26796,0.07339,0.09739,0.17077,0.09551,0.03232,0.12927,0.08278,0.21963,0.30341,0.08781,0.24773,0.33654,0.35593,0.10819,0.0397,0.06016,0.03191,0.13177,0.07854,0.06102,0.14058,0.10762,0.08372,0.19134,0.16252,0.0788,0.01574,0.0829
kasia,7,75,0.10048,0.01931,0.11979,0.07124,0.14062,0.21186,0.193,0.05238,0.03251,0.04381,0.23968,0.316,0.04988,0.14496,0.19589,0.24087,0.09591,0.04801,0.05513,0.04381,0.14796,0.07663,0.06692,0.14456,0.08775,0.09257,0.18032,0.09154,0.03133,0.12287,0.09553
kasia,7,76,0.09548,0.07602,0.1715,0.08039,0.11105,0.19145,0.20424,0.09319,0.03572,0.03577,0.13545,0.20694,0.13716,0.16779,0.30495,0.26283,0.09504,0.0519,0.03178,0.02409,0.10882,0.09974,0.04874,0.14848,0.05974,0.09572,0.15546,0.15946,0.06374,0.01234,0.05063
kasia,7,77,0.08191,0.09155,0.17346,0.085,0.09684,0.1825,0.19244,0.0956,0.02347,0.05877,0.17287,0.25543,0.10368,0.43298,0.53767,0.08597,0.05103,0.137,0.08218,0.00851,0.09069,0.09519,0.06047,0.15565,0.0908,0.09585,0.18664,0.15496,0.05911,0.02347,0.08387
kasia,8,78,0.0901,0.0729,0.16401,0.07668,0.12378,0.20087,0.12707,0.02255,0.14962,0.07353,0.12293,0.19646,0.09573,0.58244,0.67817,0.08706,0.08746,0.17452,0.07325,0.03473,0.10798,0.11085,0.04475,0.1556,0.08724,0.11733,0.20457,0.06945,0.03177,0.10122,0.09039
kasia,8,79,0.08149,0.14203,0.22453,0.08367,0.08695,0.17225,0.09593,0.02324,0.11918,0.07075,0.13352,0.20462,0.10903,0.42382,0.53322,0.08092,0.0641,0.14573,0.08672,0.0234,0.11049,0.09838,0.05446,0.15324,0.09657,0.09651,0.19308,0.07199,0.01403,0.08602,0.08964
kasia,8,80,0.11843,0.18656,0.30599,0.08186,0.17327,0.25513,0.12256,0.032,0.15457,0.06847,0.20039,0.26886,0.08189,0.14548,0.22737,0.07811,0.07724,0.15535,0.09096,0.03598,0.12695,0.0917,0.03561,0.12831,0.09532,0.09463,0.19045,0.07344,0.01822,0.09166,0.08008
kasia,8,81,0.08144,0.2377,0.31914,0.08708,0.13165,0.21874,0.11331,0.02748,0.14079,0.08236,0.16382,0.24619,0.07758,0.24725,0.3252,0.07122,0.14211,0.21453,0.0763,0.06712,0.14342,0.09583,0.03218,0.12888,0.09039,0.09649,0.18687,0.06734,0.0313,0.09988,0.08229
kasia,8,82,0.07798,0.17227,0.25125,0.09085,0.12394,0.21479,0.09951,0.02818,0.12769,0.0769,0.15087,0.22777,0.09361,0.49679,0.59141,0.09509,0.05083,0.14693,0.08705,0.07818,0.16523,0.08881,0.0462,0.13552,0.09048,0.09955,0.19102,0.05876,0.01767,0.07745,0.07361
kasia,8,83,0.07754,0.16487,0.24241,0.10424,0.07276,0.177,0.11298,0.02793,0.1419,0.07621,0.13781,0.21402,0.10786,0.41083,0.51908,0.09268,0.04476,0.13846,0.07979,0.02327,0.10306,0.09269,0.05848,0.15117,0.09066,0.08199,0.17265,0.06803,0.01452,0.08255,0.08168
kasia,8,84,0.06718,0.16459,0.23177,0.07581,0.12788,0.20473,0.07464,0.03226,0.10689,0.06824,0.07628,0.14452,0.11539,0.27487,0.39164,0.08342,0.07269,0.15612,0.08784,0.0169,0.10474,0.08666,0.08009,0.16675,0.05568,0.17286,0.22854,0.05891,0.02433,0.08425,0.08002
kasia,8,85,0.11244,0.13734,0.25081,0.12223,0.12726,0.24949,0.11311,0.00949,0.12359,0.091,0.16904,0.26004,0.08244,0.19964,0.28208,0.0903,0.09274,0.18304,0.08606,0.04992,0.13598,0.08708,0.02624,0.11332,0.09081,0.10159,0.1934,0.06742,0.01444,0.08186,0.08978
kasia,8,86,0.10462,0.18326,0.28789,0.0858,0.14581,0.23161,0.10518,0.0229,0.12807,0.07106,0.18386,0.25492,0.09004,0.14081,0.23085,0.08161,0.09622,0.17887,0.09146,0.03612,0.12759,0.09109,0.04424,0.13633,0.09566,0.09638,0.19204,0.07283,0.02653,0.09936,0.09003
kasia,8,87,0.12224,0.16559,0.28783,0.09539,0.10983,0.20523,0.20865,0.09881,0.01323,0.06419,0.17761,0.25604,0.08224,0.23169,0.31393,0.0869,0.09564,0.18254,0.08069,0.0646,0.1469,0.08114,0.04619,0.12733,0.07738,0.09984,0.17722,0.06418,0.05478,0.11896,0.0447
kasia,8,88,0.08617,0.13756,0.22373,0.09588,0.09466,0.19093,0.16395,0.06928,0.03131,0.03438,0.16941,0.23649,0.08622,0.40934,0.49657,0.07774,0.08658,0.16432,0.07775,0.02258,0.10033,0.10782,0.04588,0.15508,0.07619,0.11756,0.19574,0.07216,0.02279,0.09595,0.10044
kasia,8,89,0.10014,0.11413,0.21427,0.09189,0.11856,0.21044,0.21912,0.10057,0.01202,0.06466,0.14586,0.22354,0.09056,0.42057,0.51112,0.06714,0.0775,0.14463,0.0776,0.02344,0.10103,0.09896,0.05493,0.15442,0.10404,0.10575,0.20979,0.08587,0.02642,0.11328,0.13139
kasia,8,90,0.09508,0.11897,0.21526,0.09057,0.0955,0.18707,0.18725,0.09175,0.0132,0.05436,0.15161,0.21917,0.09085,0.44419,0.53504,0.08804,0.05577,0.14432,0.07221,0.03632,0.10853,0.10943,0.06303,0.17281,0.09163,0.12302,0.21465,0.06836,0.02656,0.09492,0.10048
kasia,8,91,0.12266,0.12805,0.25164,0.12302,0.05026,0.17327,0.12243,0.02343,0.14587,0.06813,0.09972,0.16785,0.10483,0.44163,0.54646,0.09158,0.09122,0.1828,0.07261,0.02803,0.10064,0.10353,0.05379,0.15825,0.10091,0.09496,0.19706,0.06864,0.05432,0.12297,0.11913
kasia,8,92,0.09126,0.0243,0.11556,0.08425,0.12811,0.21236,0.08695,0.04409,0.13164,0.07618,0.05204,0.12822,0.11541,0.3,0.41541,0.07642,0.0917,0.16811,0.07937,0.03196,0.11233,0.09545,0.07211,0.16789,0.05204,0.18454,0.23658,0.0588,0.0525,0.11178,0.10664
kasia,8,93,0.13188,0.69594,0.82882,0.0859,0.1425,0.22975,0.11836,0.03505,0.15342,0.05992,0.14459,0.20519,0.08617,0.49315,0.57983,0.07127,0.09194,0.16321,0.07784,0.0323,0.11014,0.09456,0.06365,0.15821,0.08845,0.09847,0.18692,0.0723,0.03581,0.10972,0.10179
kasia,8,94,0.09157,0.15457,0.24614,0.10028,0.05949,0.16072,0.10846,0.01461,0.12307,0.07284,0.13728,0.21012,0.09113,0.43767,0.52981,0.08018,0.08667,0.16685,0.07237,0.0414,0.11377,0.09157,0.05866,0.15124,0.09572,0.1092,0.20492,0.07669,0.04688,0.12357,0.09017
kasia,8,95,0.07371,0.18153,0.25523,0.08085,0.0824,0.16426,0.09537,0.01803,0.11378,0.07758,0.12766,0.20524,0.0782,0.48197,0.56017,0.08105,0.05524,0.13729,0.09102,0.04527,0.1363,0.10035,0.05913,0.15949,0.09069,0.10012,0.19081,0.07359,0.02295,0.09654,0.09592
kasia,8,96,0.07818,0.14107,0.21925,0.09922,0.09655,0.19577,0.10506,0.0226,0.12766,0.06848,0.11868,0.18716,0.07779,0.43677,0.51456,0.08221,0.08283,0.16504,0.08499,0.02803,0.11402,0.09496,0.0503,0.14525,0.08536,0.09725,0.183,0.05808,0.01456,0.07264,0.07588
kasia,8,97,0.10895,0.08218,0.19114,0.10472,0.10938,0.2141,0.09428,0.01431,0.10959,0.06661,0.12805,0.19566,0.09987,0.17361,0.27349,0.11279,0.0185,0.13167,0.1043,0.01812,0.12241,0.10571,0.04994,0.15565,0.09505,0.08647,0.18152,0.13672,0.05025,0.03125,0.08665
kasia,8,98,0.08268,0.13232,0.21499,0.09424,0.14181,0.23705,0.08503,0.01918,0.10521,0.05017,0.19022,0.24038,0.1065,0.43722,0.54372,0.09583,0.09506,0.19089,0.08598,0.03171,0.1187,0.07735,0.07678,0.15518,0.09028,0.11015,0.20094,0.08599,0.07373,0.15972,0.09532
kasia,8,99,0.07758,0.1876,0.26517,0.07098,0.119,0.19098,0.09481,0.00911,0.10492,0.0855,0.11439,0.19989,0.09039,0.39713,0.48854,0.07538,0.07882,0.15479,0.07676,0.04586,0.12261,0.09554,0.02646,0.123,0.0957,0.10114,0.19684,0.0691,0.0442,0.1133,0.09116
kasia,8,100,0.10144,0.12647,0.22791,0.07255,0.13107,0.20461,0.21912,0.08805,0.00813,0.06082,0.21273,0.2823,0.03585,0.57495,0.61179,0.66035,0.0854,0.03776,0.06177,0.014,0.11452,0.09,0.07765,0.16865,0.12711,0.09877,0.22688,0.17232,0.07354,0.03203,0.11909
kasia,8,101,0.08178,0.64317,0.72494,0.08527,0.06412,0.15039,0.09499,0.09104,0.18704,0.07371,0.65118,0.72489,0.08736,0.17649,0.26385,0.26902,0.09253,0.03015,0.03017,0.11902,0.18197,0.09078,0.01828,0.10906,0.09522,0.12754,0.22366,0.07705,0.04536,0.12241,0.09054
kasia,8,102,0.09979,0.11413,0.21391,0.07685,0.06617,0.14302,0.08557,0.01904,0.10461,0.07555,0.15876,0.2353,0.07875,0.42262,0.50137,0.53758,0.11496,0.01714,0.11375,0.53826,0.67015,0.6061,0.06785,0.00743,0.08725,0.10507,0.2012,0.16875,0.06367,0.00914,0.08582
kasia,8,103,0.09401,0.302,0.39602,0.12769,0.04154,0.16923,0.09009,0.0228,0.11398,0.06327,0.19991,0.26319,0.11267,0.42473,0.5384,0.50679,0.08206,0.0326,0.06709,0.0193,0.11898,0.10543,0.07077,0.1772,0.11908,0.09563,0.21472,0.1406,0.04496,0.03107,0.10523
kasia,8,104,0.12312,0.04052,0.16463,0.11269,0.01887,0.13256,0.09037,0.0325,0.12307,0.06792,0.1636,0.23237,0.09628,0.0912,0.18748,0.18688,0.09568,0.03107,0.0721,0.07279,0.17697,0.08169,0.04606,0.12776,0.09489,0.08734,0.18224,0.14638,0.05904,0.01306,0.09045
kasia,8,105,0.09652,0.18703,0.28355,0.09018,0.0923,0.18279,0.09839,0.0596,0.15952,0.06785,0.13631,0.20481,0.07293,0.47855,0.55148,0.07813,0.07755,0.15568,0.07754,0.03634,0.11388,0.10446,0.0604,0.16486,0.11206,0.10188,0.21394,0.09071,0.03196,0.12267,0.15031
kasia,8,106,0.082,0.15499,0.23698,0.0713,0.1378,0.2091,0.08121,0.00991,0.09112,0.05812,0.15079,0.2099,0.06259,0.50113,0.56472,0.08265,0.10068,0.18334,0.12168,0.02756,0.14924,0.09532,0.08101,0.17728,0.11347,0.133,0.24746,0.08154,0.04116,0.1227,0.12354
kasia,8,107,0.09076,0.23802,0.32878,0.45183,0.21381,0.02269,0.07225,0.0327,0.12798,0.05863,0.1178,0.17643,0.08133,0.49195,0.57406,0.58392,0.09197,0.03562,0.0407,0.01458,0.0909,0.0855,0.07708,0.1634,0.09791,0.08984,0.18775,0.07221,0.02275,0.09597,0.12558
kasia,9,108,0.08214,0.09575,0.17889,0.08578,0.06828,0.15406,0.09478,0.01335,0.10917,0.0586,0.12751,0.1868,0.077,0.49221,0.57021,0.0722,0.11412,0.18731,0.06256,0.03744,0.1,0.09514,0.08228,0.17779,0.07594,0.10087,0.17681,0.06331,0.03185,0.09516,0.05508
kasia,9,109,0.0757,0.10498,0.18165,0.12021,0.10284,0.22305,0.08652,0.02284,0.11036,0.05792,0.13256,0.19148,0.07648,0.41569,0.49217,0.06324,0.10825,0.17149,0.06879,0.04405,0.1144,0.0877,0.05462,0.14231,0.09138,0.09111,0.18249,0.0678,0.02292,0.09072,0.11398
kasia,9,110,0.08102,0.17355,0.25457,0.09531,0.09647,0.19177,0.08664,0.04149,0.12814,0.07286,0.12691,0.19978,0.08156,0.53801,0.61956,0.10457,0.07777,0.18334,0.06809,0.05455,0.12264,0.09515,0.06771,0.16386,0.09966,0.10911,0.21009,0.07807,0.08172,0.15979,0.10496
kasia,9,111,0.08024,0.07688,0.15912,0.09979,0.05931,0.1591,0.07252,0.0131,0.08662,0.06001,0.1313,0.19159,0.09565,0.46484,0.5615,0.08564,0.05025,0.1359,0.09169,0.02691,0.11939,0.09912,0.0644,0.16352,0.09532,0.12273,0.21805,0.07718,0.01782,0.09652,0.10988
kasia,9,112,0.07733,0.09181,0.16915,0.10815,0.09623,0.20438,0.1003,0.01771,0.11801,0.06433,0.11355,0.17788,0.08722,0.39665,0.48482,0.07293,0.08534,0.15827,0.0826,0.04013,0.12273,0.10465,0.04695,0.1528,0.09454,0.10938,0.20493,0.07231,0.01772,0.09003,0.1099
kasia,9,113,0.0913,0.11278,0.20409,0.07552,0.08794,0.16346,0.07979,0.02067,0.10046,0.07118,0.09987,0.17105,0.12108,0.44399,0.56507,0.07968,0.05994,0.13962,0.07448,0.01619,0.09167,0.08807,0.10013,0.1882,0.08403,0.13187,0.2159,0.05898,0.03959,0.09961,0.09924
kasia,9,114,0.08773,0.03186,0.12059,0.07535,0.12445,0.1998,0.07893,0.0151,0.09503,0.06439,0.13261,0.197,0.10824,0.4077,0.51594,0.07538,0.06497,0.14035,0.0837,0.02387,0.10757,0.0753,0.10453,0.17983,0.07615,0.15637,0.23252,0.06688,0.03312,0.1,0.096
kasia,9,115,0.08741,0.03944,0.12685,0.08358,0.1194,0.20444,0.08694,0.02406,0.11201,0.06332,0.66418,0.72846,0.07878,0.26847,0.34824,0.08652,0.03284,0.12023,0.06675,0.03746,0.10421,0.09583,0.09985,0.19568,0.07564,0.2045,0.28014,0.06283,0.04922,0.11205,0.08823
kasia,9,116,0.10416,0.032,0.13615,0.08354,0.16898,0.25252,0.0913,0.04456,0.13586,0.0675,0.08841,0.15591,0.0795,0.42941,0.50891,0.0511,0.11971,0.17081,0.07122,0.02473,0.09595,0.09217,0.09615,0.18833,0.11547,0.1245,0.23997,0.07575,0.04378,0.11953,0.10021
kasia,9,117,0.09163,0.07131,0.16295,0.07948,0.12386,0.20434,0.07962,0.06895,0.14857,0.07914,0.05143,0.13196,0.075,0.64882,0.72381,0.08371,0.10061,0.18432,0.06777,0.05507,0.12283,0.08736,0.08866,0.17698,0.10266,0.1605,0.26413,0.06699,0.06472,0.13171,0.10673
kasia,9,118,0.0781,0.05598,0.13459,0.07968,0.11551,0.19619,0.06293,0.05517,0.12005,0.06764,0.06839,0.13604,0.08771,0.5123,0.60001,0.07125,0.10435,0.17559,0.07989,0.03614,0.11603,0.07645,0.11584,0.1923,0.08738,0.14754,0.23634,0.06712,0.04852,0.11565,0.09469
kasia,9,119,0.07552,0.08058,0.15609,0.07992,0.11616,0.19608,0.09176,0.00751,0.09928,0.0755,0.08751,0.16401,0.11256,0.37938,0.49194,0.05988,0.12063,0.18051,0.07231,0.04327,0.11559,0.07889,0.08009,0.15992,0.07531,0.18448,0.26079,0.05882,0.03258,0.09139,0.0763
kasia,9,120,0.07927,0.04782,0.12808,0.06767,0.12867,0.19634,0.0914,0.04858,0.13997,0.07171,0.06012,0.13183,0.06821,0.25208,0.32029,0.06322,0.08485,0.14806,0.07143,0.08443,0.15585,0.07554,0.11586,0.1914,0.10037,0.12822,0.22859,0.07156,0.03199,0.10356,0.09621
kasia,9,121,0.08102,0.091,0.17202,0.06377,0.12807,0.1928,0.09209,0.04357,0.13566,0.06817,0.07569,0.14386,0.12081,0.40787,0.52868,0.09937,0.04867,0.14803,0.05934,0.04831,0.10765,0.08393,0.0847,0.16862,0.11554,0.13541,0.25096,0.06809,0.03555,0.10464,0.07173
kasia,9,122,0.08434,0.11184,0.19619,0.08406,0.11209,0.19615,0.09987,0.05955,0.15942,0.08712,0.02749,0.11561,0.10357,0.38824,0.49281,0.46789,0.07964,0.04457,0.01515,0.05206,0.11178,0.08786,0.0957,0.18455,0.09974,0.11159,0.21183,0.05547,0.05702,0.11249,0.12271
kasia,9,123,0.08696,0.03593,0.1241,0.07136,0.12451,0.19688,0.06333,0.04409,0.10743,0.07893,0.15618,0.23611,0.09673,0.16689,0.26362,0.2711,0.10421,0.02772,0.05906,0.07221,0.15999,0.07999,0.06509,0.14508,0.08993,0.13314,0.22352,0.08336,0.02011,0.10347,0.12434
kasia,9,124,0.08267,0.02055,0.10432,0.12429,0.12792,0.25221,0.07181,0.02445,0.09627,0.08694,0.09614,0.18347,0.12627,0.10808,0.23536,0.18465,0.07657,0.03585,0.04078,0.07187,0.1485,0.08666,0.07606,0.16371,0.10365,0.11571,0.21937,0.07106,0.02518,0.09724,0.09898
kasia,9,125,0.10366,0.07199,0.17616,0.0796,0.11225,0.19184,0.0753,0.04032,0.11562,0.08726,0.08355,0.17181,0.0912,0.7046,0.7968,0.08784,0.09175,0.17958,0.08421,0.03967,0.12388,0.06673,0.12406,0.19175,0.10763,0.15985,0.26848,0.06334,0.09678,0.16013,0.10374
kasia,9,126,0.11778,0.14912,0.26763,0.10049,0.1183,0.21978,0.09996,0.01001,0.10997,0.07745,0.15433,0.23179,0.08585,0.16406,0.25035,0.08601,0.08605,0.17286,0.08144,0.03733,0.11877,0.09106,0.03649,0.12755,0.08656,0.10016,0.18672,0.06871,0.03618,0.10488,0.08185
kasia,9,127,0.08591,0.14599,0.2319,0.07641,0.26963,0.34642,0.10747,0.04736,0.15483,0.0578,0.16412,0.22291,0.08612,0.36068,0.4468,0.11364,0.02796,0.1416,0.08166,0.03642,0.11846,0.09137,0.06365,0.15533,0.08099,0.09625,0.17761,0.06752,0.02286,0.09138,0.08564
kasia,9,128,0.08239,0.73647,0.81987,0.06397,0.13107,0.19505,0.06332,0.01629,0.08108,0.07871,0.10463,0.18371,0.11121,0.11168,0.2239,0.21582,0.10414,0.03106,0.02696,0.0517,0.11167,0.0842,0.08045,0.16465,0.10793,0.11199,0.21993,0.08381,0.03977,0.12359,0.10011
kasia,9,129,0.09608,0.05623,0.15231,0.06355,0.13624,0.19978,0.06681,0.0324,0.10009,0.07229,0.11269,0.18399,0.09192,0.16416,0.25608,0.24022,0.07607,0.02375,0.09653,0.07074,0.19102,0.07617,0.07137,0.14879,0.09656,0.11489,0.21146,0.07202,0.0759,0.14893,0.10762
kasia,9,130,0.08688,0.67224,0.76018,0.0923,0.74408,0.83638,0.07452,0.0323,0.10746,0.0432,0.14771,0.1918,0.06745,0.12,0.18846,0.21568,0.09568,0.03557,0.03874,0.06352,0.14033,0.0998,0.06006,0.15986,0.07217,0.13288,0.20505,0.07074,0.01947,0.09021,0.09149
kasia,9,131,0.0872,0.04317,0.1314,0.09697,0.15543,0.2524,0.08316,0.0439,0.12789,0.07658,0.09167,0.16825,0.11447,0.12393,0.23958,0.14841,0.02448,0.0155,0.04781,0.24886,0.31217,0.08778,0.0205,0.10827,0.08664,0.10531,0.19195,0.08365,0.02445,0.1081,0.11563
kasia,9,132,0.09582,0.50461,0.60143,0.07136,0.12384,0.1952,0.05529,0.58934,0.64463,0.07473,0.64038,0.71511,0.07073,0.25231,0.32404,0.32804,0.07573,0.02007,0.05153,0.08392,0.15552,0.06013,0.06748,0.1286,0.08772,0.10871,0.19642,0.0538,0.06553,0.12033,0.09045
kasia,9,133,0.07493,0.09155,0.16734,0.07974,0.1282,0.20894,0.07086,0.01654,0.08841,0.06835,0.0942,0.16255,0.1044,0.27626,0.38097,0.09632,0.05568,0.152,0.08337,0.07181,0.15608,0.06372,0.09184,0.15556,0.09663,0.18863,0.28925,0.08316,0.06032,0.14347,0.09592
kasia,9,134,0.10663,0.02084,0.12847,0.07953,0.12041,0.19994,0.08355,0.05608,0.13963,0.02797,0.28842,0.31639,0.04767,0.60783,0.65551,0.74018,0.13235,0.01174,0.06251,0.05532,0.13104,0.08735,0.41712,0.50562,0.03076,0.40822,0.43897,0.07164,0.08296,0.15559,0.08805
kasia,9,135,0.09648,0.03615,0.13263,0.06768,0.14366,0.21234,0.19178,0.04712,0.02763,0.05529,0.14012,0.22498,0.11884,0.31563,0.43546,0.40827,0.09265,0.02672,0.03629,0.03532,0.09881,0.08338,0.11971,0.20409,0.09928,0.11953,0.22009,0.20821,0.08867,0.01135,0.09235
kasia,9,136,0.09476,0.0606,0.15536,0.06738,0.1125,0.17989,0.08816,0.02004,0.1082,0.068,0.09137,0.15937,0.10897,0.0999,0.20887,0.19502,0.09512,0.02706,0.0273,0.11637,0.17274,0.04767,0.592,0.63967,0.06326,0.14371,0.20796,0.08302,0.02796,0.11199,0.06694
kasia,9,137,0.11611,0.07606,0.19217,0.06744,0.14849,0.21593,0.08696,0.04916,0.13612,0.07658,0.06274,0.13932,0.11287,0.3397,0.45257,0.43984,0.10014,0.02343,0.05176,0.06043,0.13661,0.08712,0.07276,0.15987,0.11828,0.12796,0.24724,0.08433,0.07102,0.15535,0.08739
martyna,1,1,0.10075,0.17348,0.27571,0.19503,0.2888,0.48484,0.14688,0.44748,0.59536,0.15285,1.09097,1.24532,0.13162,0.73561,0.8687,0.12576,0.5244,0.65158,0.08135,0.2881,0.37058,0.13208,0.04587,0.17907,0.10555,0.16031,0.26686,0.12672,0.24259,0.37032,0.13496
